Name,Brand,Rating,ReviewCount,ImageURL,Tags
Essence Mascara Lash Princess,Essence,2.56,2837,https://cdn.dummyjson.com/product-images/beauty/essence-mascara-lash-princess/thumbnail.webp,beauty essence essence mascara lash princess
Eyeshadow Palette with Mirror,Glamour Beauty,2.86,2971,https://cdn.dummyjson.com/product-images/beauty/eyeshadow-palette-with-mirror/thumbnail.webp,beauty glamour beauty eyeshadow palette with mirror
Powder Canister,Velvet Touch,4.64,921,https://cdn.dummyjson.com/product-images/beauty/powder-canister/thumbnail.webp,beauty velvet touch powder canister
Red Lipstick,Chic Cosmetics,4.36,401,https://cdn.dummyjson.com/product-images/beauty/red-lipstick/thumbnail.webp,beauty chic cosmetics red lipstick
Red Nail Polish,Nail Couture,4.32,2416,https://cdn.dummyjson.com/product-images/beauty/red-nail-polish/thumbnail.webp,beauty nail couture red nail polish
Calvin Klein CK One,Calvin Klein,4.37,1292,https://cdn.dummyjson.com/product-images/fragrances/calvin-klein-ck-one/thumbnail.webp,fragrances calvin klein calvin klein ck one
Chanel Coco Noir Eau De,Chanel,4.26,65,https://cdn.dummyjson.com/product-images/fragrances/chanel-coco-noir-eau-de/thumbnail.webp,fragrances chanel chanel coco noir eau de
Dior J'adore,Dior,3.8,2857,https://cdn.dummyjson.com/product-images/fragrances/dior-j'adore/thumbnail.webp,fragrances dior dior j'adore
Dolce Shine Eau de,Dolce & Gabbana,3.96,1976,https://cdn.dummyjson.com/product-images/fragrances/dolce-shine-eau-de/thumbnail.webp,fragrances dolce & gabbana dolce shine eau de
Gucci Bloom Eau de,Gucci,2.74,2041,https://cdn.dummyjson.com/product-images/fragrances/gucci-bloom-eau-de/thumbnail.webp,fragrances gucci gucci bloom eau de
Annibale Colombo Bed,Annibale Colombo,4.77,1688,https://cdn.dummyjson.com/product-images/furniture/annibale-colombo-bed/thumbnail.webp,furniture annibale colombo annibale colombo bed
Annibale Colombo Sofa,Annibale Colombo,3.92,526,https://cdn.dummyjson.com/product-images/furniture/annibale-colombo-sofa/thumbnail.webp,furniture annibale colombo annibale colombo sofa
Bedside Table African Cherry,Furniture Co.,2.87,899,https://cdn.dummyjson.com/product-images/furniture/bedside-table-african-cherry/thumbnail.webp,furniture furniture co. bedside table african cherry
Knoll Saarinen Executive Conference Chair,Knoll,4.88,1538,https://cdn.dummyjson.com/product-images/furniture/knoll-saarinen-executive-conference-chair/thumbnail.webp,furniture knoll knoll saarinen executive conference chair
Wooden Bathroom Sink With Mirror,Bath Trends,3.59,2968,https://cdn.dummyjson.com/product-images/furniture/wooden-bathroom-sink-with-mirror/thumbnail.webp,furniture bath trends wooden bathroom sink with mirror
Apple,Groceries,4.19,729,https://cdn.dummyjson.com/product-images/groceries/apple/thumbnail.webp,groceries groceries apple
Beef Steak,Groceries,4.47,1504,https://cdn.dummyjson.com/product-images/groceries/beef-steak/thumbnail.webp,groceries groceries beef steak
Cat Food,Groceries,3.13,1695,https://cdn.dummyjson.com/product-images/groceries/cat-food/thumbnail.webp,groceries groceries cat food
Chicken Meat,Groceries,3.19,1015,https://cdn.dummyjson.com/product-images/groceries/chicken-meat/thumbnail.webp,groceries groceries chicken meat
Cooking Oil,Groceries,4.8,2228,https://cdn.dummyjson.com/product-images/groceries/cooking-oil/thumbnail.webp,groceries groceries cooking oil
Cucumber,Groceries,4.07,1453,https://cdn.dummyjson.com/product-images/groceries/cucumber/thumbnail.webp,groceries groceries cucumber
Dog Food,Groceries,4.55,982,https://cdn.dummyjson.com/product-images/groceries/dog-food/thumbnail.webp,groceries groceries dog food
Eggs,Groceries,2.53,1729,https://cdn.dummyjson.com/product-images/groceries/eggs/thumbnail.webp,groceries groceries eggs
Fish Steak,Groceries,3.78,968,https://cdn.dummyjson.com/product-images/groceries/fish-steak/thumbnail.webp,groceries groceries fish steak
Green Bell Pepper,Groceries,3.25,1709,https://cdn.dummyjson.com/product-images/groceries/green-bell-pepper/thumbnail.webp,groceries groceries green bell pepper
Green Chili Pepper,Groceries,3.66,740,https://cdn.dummyjson.com/product-images/groceries/green-chili-pepper/thumbnail.webp,groceries groceries green chili pepper
Honey Jar,Groceries,3.97,2185,https://cdn.dummyjson.com/product-images/groceries/honey-jar/thumbnail.webp,groceries groceries honey jar
Ice Cream,Groceries,3.39,2798,https://cdn.dummyjson.com/product-images/groceries/ice-cream/thumbnail.webp,groceries groceries ice cream
Juice,Groceries,3.94,2217,https://cdn.dummyjson.com/product-images/groceries/juice/thumbnail.webp,groceries groceries juice
Kiwi,Groceries,4.93,356,https://cdn.dummyjson.com/product-images/groceries/kiwi/thumbnail.webp,groceries groceries kiwi
Lemon,Groceries,3.53,2563,https://cdn.dummyjson.com/product-images/groceries/lemon/thumbnail.webp,groceries groceries lemon
Milk,Groceries,2.61,2955,https://cdn.dummyjson.com/product-images/groceries/milk/thumbnail.webp,groceries groceries milk
Mulberry,Groceries,4.95,2728,https://cdn.dummyjson.com/product-images/groceries/mulberry/thumbnail.webp,groceries groceries mulberry
Nescafe Coffee,Groceries,4.82,483,https://cdn.dummyjson.com/product-images/groceries/nescafe-coffee/thumbnail.webp,groceries groceries nescafe coffee
Potatoes,Groceries,4.81,2007,https://cdn.dummyjson.com/product-images/groceries/potatoes/thumbnail.webp,groceries groceries potatoes
Protein Powder,Groceries,4.18,1906,https://cdn.dummyjson.com/product-images/groceries/protein-powder/thumbnail.webp,groceries groceries protein powder
Red Onions,Groceries,4.2,1584,https://cdn.dummyjson.com/product-images/groceries/red-onions/thumbnail.webp,groceries groceries red onions
Rice,Groceries,3.18,1307,https://cdn.dummyjson.com/product-images/groceries/rice/thumbnail.webp,groceries groceries rice
Soft Drinks,Groceries,4.75,141,https://cdn.dummyjson.com/product-images/groceries/soft-drinks/thumbnail.webp,groceries groceries soft drinks
Strawberry,Groceries,3.08,1051,https://cdn.dummyjson.com/product-images/groceries/strawberry/thumbnail.webp,groceries groceries strawberry
Tissue Paper Box,Groceries,2.69,449,https://cdn.dummyjson.com/product-images/groceries/tissue-paper-box/thumbnail.webp,groceries groceries tissue paper box
Water,Groceries,4.96,19,https://cdn.dummyjson.com/product-images/groceries/water/thumbnail.webp,groceries groceries water
Decoration Swing,Home-decoration,3.16,1361,https://cdn.dummyjson.com/product-images/home-decoration/decoration-swing/thumbnail.webp,home-decoration home-decoration decoration swing
Family Tree Photo Frame,Home-decoration,4.53,1784,https://cdn.dummyjson.com/product-images/home-decoration/family-tree-photo-frame/thumbnail.webp,home-decoration home-decoration family tree photo frame
House Showpiece Plant,Home-decoration,4.67,2660,https://cdn.dummyjson.com/product-images/home-decoration/house-showpiece-plant/thumbnail.webp,home-decoration home-decoration house showpiece plant
Plant Pot,Home-decoration,3.01,552,https://cdn.dummyjson.com/product-images/home-decoration/plant-pot/thumbnail.webp,home-decoration home-decoration plant pot
Table Lamp,Home-decoration,3.55,568,https://cdn.dummyjson.com/product-images/home-decoration/table-lamp/thumbnail.webp,home-decoration home-decoration table lamp
Bamboo Spatula,Kitchen-accessories,3.27,364,https://cdn.dummyjson.com/product-images/kitchen-accessories/bamboo-spatula/thumbnail.webp,kitchen-accessories kitchen-accessories bamboo spatula
Black Aluminium Cup,Kitchen-accessories,4.46,1516,https://cdn.dummyjson.com/product-images/kitchen-accessories/black-aluminium-cup/thumbnail.webp,kitchen-accessories kitchen-accessories black aluminium cup
Black Whisk,Kitchen-accessories,3.9,1444,https://cdn.dummyjson.com/product-images/kitchen-accessories/black-whisk/thumbnail.webp,kitchen-accessories kitchen-accessories black whisk
Boxed Blender,Kitchen-accessories,4.56,2276,https://cdn.dummyjson.com/product-images/kitchen-accessories/boxed-blender/thumbnail.webp,kitchen-accessories kitchen-accessories boxed blender
Carbon Steel Wok,Kitchen-accessories,4.05,2970,https://cdn.dummyjson.com/product-images/kitchen-accessories/carbon-steel-wok/thumbnail.webp,kitchen-accessories kitchen-accessories carbon steel wok
Chopping Board,Kitchen-accessories,3.7,2438,https://cdn.dummyjson.com/product-images/kitchen-accessories/chopping-board/thumbnail.webp,kitchen-accessories kitchen-accessories chopping board
Citrus Squeezer Yellow,Kitchen-accessories,4.63,2006,https://cdn.dummyjson.com/product-images/kitchen-accessories/citrus-squeezer-yellow/thumbnail.webp,kitchen-accessories kitchen-accessories citrus squeezer yellow
Egg Slicer,Kitchen-accessories,3.09,2313,https://cdn.dummyjson.com/product-images/kitchen-accessories/egg-slicer/thumbnail.webp,kitchen-accessories kitchen-accessories egg slicer
Electric Stove,Kitchen-accessories,4.11,1703,https://cdn.dummyjson.com/product-images/kitchen-accessories/electric-stove/thumbnail.webp,kitchen-accessories kitchen-accessories electric stove
Fine Mesh Strainer,Kitchen-accessories,3.04,773,https://cdn.dummyjson.com/product-images/kitchen-accessories/fine-mesh-strainer/thumbnail.webp,kitchen-accessories kitchen-accessories fine mesh strainer
Fork,Kitchen-accessories,3.11,620,https://cdn.dummyjson.com/product-images/kitchen-accessories/fork/thumbnail.webp,kitchen-accessories kitchen-accessories fork
Glass,Kitchen-accessories,4.02,137,https://cdn.dummyjson.com/product-images/kitchen-accessories/glass/thumbnail.webp,kitchen-accessories kitchen-accessories glass
Grater Black,Kitchen-accessories,3.21,804,https://cdn.dummyjson.com/product-images/kitchen-accessories/grater-black/thumbnail.webp,kitchen-accessories kitchen-accessories grater black
Hand Blender,Kitchen-accessories,3.86,1383,https://cdn.dummyjson.com/product-images/kitchen-accessories/hand-blender/thumbnail.webp,kitchen-accessories kitchen-accessories hand blender
Ice Cube Tray,Kitchen-accessories,4.71,1634,https://cdn.dummyjson.com/product-images/kitchen-accessories/ice-cube-tray/thumbnail.webp,kitchen-accessories kitchen-accessories ice cube tray
Kitchen Sieve,Kitchen-accessories,3.09,2494,https://cdn.dummyjson.com/product-images/kitchen-accessories/kitchen-sieve/thumbnail.webp,kitchen-accessories kitchen-accessories kitchen sieve
Knife,Kitchen-accessories,3.26,715,https://cdn.dummyjson.com/product-images/kitchen-accessories/knife/thumbnail.webp,kitchen-accessories kitchen-accessories knife
Lunch Box,Kitchen-accessories,4.93,2256,https://cdn.dummyjson.com/product-images/kitchen-accessories/lunch-box/thumbnail.webp,kitchen-accessories kitchen-accessories lunch box
Microwave Oven,Kitchen-accessories,4.82,1181,https://cdn.dummyjson.com/product-images/kitchen-accessories/microwave-oven/thumbnail.webp,kitchen-accessories kitchen-accessories microwave oven
Mug Tree Stand,Kitchen-accessories,2.64,2794,https://cdn.dummyjson.com/product-images/kitchen-accessories/mug-tree-stand/thumbnail.webp,kitchen-accessories kitchen-accessories mug tree stand
Pan,Kitchen-accessories,2.79,2357,https://cdn.dummyjson.com/product-images/kitchen-accessories/pan/thumbnail.webp,kitchen-accessories kitchen-accessories pan
Plate,Kitchen-accessories,3.65,2738,https://cdn.dummyjson.com/product-images/kitchen-accessories/plate/thumbnail.webp,kitchen-accessories kitchen-accessories plate
Red Tongs,Kitchen-accessories,4.42,630,https://cdn.dummyjson.com/product-images/kitchen-accessories/red-tongs/thumbnail.webp,kitchen-accessories kitchen-accessories red tongs
Silver Pot With Glass Cap,Kitchen-accessories,3.22,487,https://cdn.dummyjson.com/product-images/kitchen-accessories/silver-pot-with-glass-cap/thumbnail.webp,kitchen-accessories kitchen-accessories silver pot with glass cap
Slotted Turner,Kitchen-accessories,3.4,657,https://cdn.dummyjson.com/product-images/kitchen-accessories/slotted-turner/thumbnail.webp,kitchen-accessories kitchen-accessories slotted turner
Spice Rack,Kitchen-accessories,4.87,2266,https://cdn.dummyjson.com/product-images/kitchen-accessories/spice-rack/thumbnail.webp,kitchen-accessories kitchen-accessories spice rack
Spoon,Kitchen-accessories,4.03,1199,https://cdn.dummyjson.com/product-images/kitchen-accessories/spoon/thumbnail.webp,kitchen-accessories kitchen-accessories spoon
Tray,Kitchen-accessories,4.62,2362,https://cdn.dummyjson.com/product-images/kitchen-accessories/tray/thumbnail.webp,kitchen-accessories kitchen-accessories tray
Wooden Rolling Pin,Kitchen-accessories,2.92,1040,https://cdn.dummyjson.com/product-images/kitchen-accessories/wooden-rolling-pin/thumbnail.webp,kitchen-accessories kitchen-accessories wooden rolling pin
Yellow Peeler,Kitchen-accessories,4.24,1298,https://cdn.dummyjson.com/product-images/kitchen-accessories/yellow-peeler/thumbnail.webp,kitchen-accessories kitchen-accessories yellow peeler
Apple MacBook Pro 14 Inch Space Grey,Apple,3.65,641,https://cdn.dummyjson.com/product-images/laptops/apple-macbook-pro-14-inch-space-grey/thumbnail.webp,laptops apple apple macbook pro 14 inch space grey
Asus Zenbook Pro Dual Screen Laptop,Asus,3.95,2752,https://cdn.dummyjson.com/product-images/laptops/asus-zenbook-pro-dual-screen-laptop/thumbnail.webp,laptops asus asus zenbook pro dual screen laptop
Huawei Matebook X Pro,Huawei,4.98,838,https://cdn.dummyjson.com/product-images/laptops/huawei-matebook-x-pro/thumbnail.webp,laptops huawei huawei matebook x pro
Lenovo Yoga 920,Lenovo,2.86,2142,https://cdn.dummyjson.com/product-images/laptops/lenovo-yoga-920/thumbnail.webp,laptops lenovo lenovo yoga 920
New DELL XPS 13 9300 Laptop,Dell,2.67,2084,https://cdn.dummyjson.com/product-images/laptops/new-dell-xps-13-9300-laptop/thumbnail.webp,laptops dell new dell xps 13 9300 laptop
Blue & Black Check Shirt,Fashion Trends,3.64,2386,https://cdn.dummyjson.com/product-images/mens-shirts/blue-&-black-check-shirt/thumbnail.webp,mens-shirts fashion trends blue & black check shirt
Gigabyte Aorus Men Tshirt,Gigabyte,3.18,1134,https://cdn.dummyjson.com/product-images/mens-shirts/gigabyte-aorus-men-tshirt/thumbnail.webp,mens-shirts gigabyte gigabyte aorus men tshirt
Man Plaid Shirt,Classic Wear,3.46,892,https://cdn.dummyjson.com/product-images/mens-shirts/man-plaid-shirt/thumbnail.webp,mens-shirts classic wear man plaid shirt
Man Short Sleeve Shirt,Casual Comfort,2.9,2325,https://cdn.dummyjson.com/product-images/mens-shirts/man-short-sleeve-shirt/thumbnail.webp,mens-shirts casual comfort man short sleeve shirt
Men Check Shirt,Urban Chic,2.72,320,https://cdn.dummyjson.com/product-images/mens-shirts/men-check-shirt/thumbnail.webp,mens-shirts urban chic men check shirt
Nike Air Jordan 1 Red And Black,Nike,4.77,761,https://cdn.dummyjson.com/product-images/mens-shoes/nike-air-jordan-1-red-and-black/thumbnail.webp,mens-shoes nike nike air jordan 1 red and black
Nike Baseball Cleats,Nike,3.88,1331,https://cdn.dummyjson.com/product-images/mens-shoes/nike-baseball-cleats/thumbnail.webp,mens-shoes nike nike baseball cleats
Puma Future Rider Trainers,Puma,4.9,596,https://cdn.dummyjson.com/product-images/mens-shoes/puma-future-rider-trainers/thumbnail.webp,mens-shoes puma puma future rider trainers
Sports Sneakers Off White & Red,Off White,4.77,999,https://cdn.dummyjson.com/product-images/mens-shoes/sports-sneakers-off-white-&-red/thumbnail.webp,mens-shoes off white sports sneakers off white & red
Sports Sneakers Off White Red,Off White,4.69,282,https://cdn.dummyjson.com/product-images/mens-shoes/sports-sneakers-off-white-red/thumbnail.webp,mens-shoes off white sports sneakers off white red
Brown Leather Belt Watch,Fashion Timepieces,4.19,2728,https://cdn.dummyjson.com/product-images/mens-watches/brown-leather-belt-watch/thumbnail.webp,mens-watches fashion timepieces brown leather belt watch
Longines Master Collection,Longines,3.87,2603,https://cdn.dummyjson.com/product-images/mens-watches/longines-master-collection/thumbnail.webp,mens-watches longines longines master collection
Rolex Cellini Date Black Dial,Rolex,4.97,69,https://cdn.dummyjson.com/product-images/mens-watches/rolex-cellini-date-black-dial/thumbnail.webp,mens-watches rolex rolex cellini date black dial
Rolex Cellini Moonphase,Rolex,2.58,1205,https://cdn.dummyjson.com/product-images/mens-watches/rolex-cellini-moonphase/thumbnail.webp,mens-watches rolex rolex cellini moonphase
Rolex Datejust,Rolex,3.66,203,https://cdn.dummyjson.com/product-images/mens-watches/rolex-datejust/thumbnail.webp,mens-watches rolex rolex datejust
Rolex Submariner Watch,Rolex,2.69,2998,https://cdn.dummyjson.com/product-images/mens-watches/rolex-submariner-watch/thumbnail.webp,mens-watches rolex rolex submariner watch
Amazon Echo Plus,Amazon,4.99,1132,https://cdn.dummyjson.com/product-images/mobile-accessories/amazon-echo-plus/thumbnail.webp,mobile-accessories amazon amazon echo plus
Apple Airpods,Apple,4.15,2474,https://cdn.dummyjson.com/product-images/mobile-accessories/apple-airpods/thumbnail.webp,mobile-accessories apple apple airpods
Apple AirPods Max Silver,Apple,3.47,1030,https://cdn.dummyjson.com/product-images/mobile-accessories/apple-airpods-max-silver/thumbnail.webp,mobile-accessories apple apple airpods max silver
Apple Airpower Wireless Charger,Apple,3.68,2510,https://cdn.dummyjson.com/product-images/mobile-accessories/apple-airpower-wireless-charger/thumbnail.webp,mobile-accessories apple apple airpower wireless charger
Apple HomePod Mini Cosmic Grey,Apple,4.62,2702,https://cdn.dummyjson.com/product-images/mobile-accessories/apple-homepod-mini-cosmic-grey/thumbnail.webp,mobile-accessories apple apple homepod mini cosmic grey
Apple iPhone Charger,Apple,4.15,1190,https://cdn.dummyjson.com/product-images/mobile-accessories/apple-iphone-charger/thumbnail.webp,mobile-accessories apple apple iphone charger
Apple MagSafe Battery Pack,Apple,3.62,803,https://cdn.dummyjson.com/product-images/mobile-accessories/apple-magsafe-battery-pack/thumbnail.webp,mobile-accessories apple apple magsafe battery pack
Apple Watch Series 4 Gold,Apple,2.74,1781,https://cdn.dummyjson.com/product-images/mobile-accessories/apple-watch-series-4-gold/thumbnail.webp,mobile-accessories apple apple watch series 4 gold
Beats Flex Wireless Earphones,Beats,4.24,1774,https://cdn.dummyjson.com/product-images/mobile-accessories/beats-flex-wireless-earphones/thumbnail.webp,mobile-accessories beats beats flex wireless earphones
iPhone 12 Silicone Case with MagSafe Plum,Apple,3.62,1293,https://cdn.dummyjson.com/product-images/mobile-accessories/iphone-12-silicone-case-with-magsafe-plum/thumbnail.webp,mobile-accessories apple iphone 12 silicone case with magsafe plum
Monopod,TechGear,4.43,1530,https://cdn.dummyjson.com/product-images/mobile-accessories/monopod/thumbnail.webp,mobile-accessories techgear monopod
Selfie Lamp with iPhone,GadgetMaster,3.55,1995,https://cdn.dummyjson.com/product-images/mobile-accessories/selfie-lamp-with-iphone/thumbnail.webp,mobile-accessories gadgetmaster selfie lamp with iphone
Selfie Stick Monopod,SnapTech,3.88,1410,https://cdn.dummyjson.com/product-images/mobile-accessories/selfie-stick-monopod/thumbnail.webp,mobile-accessories snaptech selfie stick monopod
TV Studio Camera Pedestal,ProVision,2.78,646,https://cdn.dummyjson.com/product-images/mobile-accessories/tv-studio-camera-pedestal/thumbnail.webp,mobile-accessories provision tv studio camera pedestal
Generic Motorcycle,Generic Motors,4.91,281,https://cdn.dummyjson.com/product-images/motorcycle/generic-motorcycle/thumbnail.webp,motorcycle generic motors generic motorcycle
Kawasaki Z800,Kawasaki,3.98,114,https://cdn.dummyjson.com/product-images/motorcycle/kawasaki-z800/thumbnail.webp,motorcycle kawasaki kawasaki z800
MotoGP CI.H1,MotoGP,2.97,474,https://cdn.dummyjson.com/product-images/motorcycle/motogp-ci.h1/thumbnail.webp,motorcycle motogp motogp ci.h1
Scooter Motorcycle,ScootMaster,2.53,1358,https://cdn.dummyjson.com/product-images/motorcycle/scooter-motorcycle/thumbnail.webp,motorcycle scootmaster scooter motorcycle
Sportbike Motorcycle,SpeedMaster,3.94,1296,https://cdn.dummyjson.com/product-images/motorcycle/sportbike-motorcycle/thumbnail.webp,motorcycle speedmaster sportbike motorcycle
Attitude Super Leaves Hand Soap,Attitude,3.19,1531,https://cdn.dummyjson.com/product-images/skin-care/attitude-super-leaves-hand-soap/thumbnail.webp,skin-care attitude attitude super leaves hand soap
Olay Ultra Moisture Shea Butter Body Wash,Olay,4.51,2461,https://cdn.dummyjson.com/product-images/skin-care/olay-ultra-moisture-shea-butter-body-wash/thumbnail.webp,skin-care olay olay ultra moisture shea butter body wash
Vaseline Men Body and Face Lotion,Vaseline,3.16,2958,https://cdn.dummyjson.com/product-images/skin-care/vaseline-men-body-and-face-lotion/thumbnail.webp,skin-care vaseline vaseline men body and face lotion
iPhone 5s,Apple,2.83,2003,https://cdn.dummyjson.com/product-images/smartphones/iphone-5s/thumbnail.webp,smartphones apple iphone 5s
iPhone 6,Apple,3.41,2844,https://cdn.dummyjson.com/product-images/smartphones/iphone-6/thumbnail.webp,smartphones apple iphone 6
iPhone 13 Pro,Apple,4.12,1681,https://cdn.dummyjson.com/product-images/smartphones/iphone-13-pro/thumbnail.webp,smartphones apple iphone 13 pro
iPhone X,Apple,2.51,1945,https://cdn.dummyjson.com/product-images/smartphones/iphone-x/thumbnail.webp,smartphones apple iphone x
Oppo A57,Oppo,3.94,2049,https://cdn.dummyjson.com/product-images/smartphones/oppo-a57/thumbnail.webp,smartphones oppo oppo a57
Oppo F19 Pro Plus,Oppo,3.51,342,https://cdn.dummyjson.com/product-images/smartphones/oppo-f19-pro-plus/thumbnail.webp,smartphones oppo oppo f19 pro plus
Oppo K1,Oppo,4.25,834,https://cdn.dummyjson.com/product-images/smartphones/oppo-k1/thumbnail.webp,smartphones oppo oppo k1
Realme C35,Realme,4.2,1485,https://cdn.dummyjson.com/product-images/smartphones/realme-c35/thumbnail.webp,smartphones realme realme c35
Realme X,Realme,3.7,2707,https://cdn.dummyjson.com/product-images/smartphones/realme-x/thumbnail.webp,smartphones realme realme x
Realme XT,Realme,4.58,1276,https://cdn.dummyjson.com/product-images/smartphones/realme-xt/thumbnail.webp,smartphones realme realme xt
Samsung Galaxy S7,Samsung,3.3,2706,https://cdn.dummyjson.com/product-images/smartphones/samsung-galaxy-s7/thumbnail.webp,smartphones samsung samsung galaxy s7
Samsung Galaxy S8,Samsung,4.4,1871,https://cdn.dummyjson.com/product-images/smartphones/samsung-galaxy-s8/thumbnail.webp,smartphones samsung samsung galaxy s8
Samsung Galaxy S10,Samsung,3.06,393,https://cdn.dummyjson.com/product-images/smartphones/samsung-galaxy-s10/thumbnail.webp,smartphones samsung samsung galaxy s10
Vivo S1,Vivo,3.5,657,https://cdn.dummyjson.com/product-images/smartphones/vivo-s1/thumbnail.webp,smartphones vivo vivo s1
Vivo V9,Vivo,3.6,399,https://cdn.dummyjson.com/product-images/smartphones/vivo-v9/thumbnail.webp,smartphones vivo vivo v9
Vivo X21,Vivo,4.26,1267,https://cdn.dummyjson.com/product-images/smartphones/vivo-x21/thumbnail.webp,smartphones vivo vivo x21
American Football,Sports-accessories,4.91,1608,https://cdn.dummyjson.com/product-images/sports-accessories/american-football/thumbnail.webp,sports-accessories sports-accessories american football
Baseball Ball,Sports-accessories,2.57,1089,https://cdn.dummyjson.com/product-images/sports-accessories/baseball-ball/thumbnail.webp,sports-accessories sports-accessories baseball ball
Baseball Glove,Sports-accessories,3.96,82,https://cdn.dummyjson.com/product-images/sports-accessories/baseball-glove/thumbnail.webp,sports-accessories sports-accessories baseball glove
Basketball,Sports-accessories,4.66,932,https://cdn.dummyjson.com/product-images/sports-accessories/basketball/thumbnail.webp,sports-accessories sports-accessories basketball
Basketball Rim,Sports-accessories,4.6,1881,https://cdn.dummyjson.com/product-images/sports-accessories/basketball-rim/thumbnail.webp,sports-accessories sports-accessories basketball rim
Cricket Ball,Sports-accessories,3.53,340,https://cdn.dummyjson.com/product-images/sports-accessories/cricket-ball/thumbnail.webp,sports-accessories sports-accessories cricket ball
Cricket Bat,Sports-accessories,3.17,705,https://cdn.dummyjson.com/product-images/sports-accessories/cricket-bat/thumbnail.webp,sports-accessories sports-accessories cricket bat
Cricket Helmet,Sports-accessories,4.69,873,https://cdn.dummyjson.com/product-images/sports-accessories/cricket-helmet/thumbnail.webp,sports-accessories sports-accessories cricket helmet
Cricket Wicket,Sports-accessories,4.73,1555,https://cdn.dummyjson.com/product-images/sports-accessories/cricket-wicket/thumbnail.webp,sports-accessories sports-accessories cricket wicket
Feather Shuttlecock,Sports-accessories,2.85,1376,https://cdn.dummyjson.com/product-images/sports-accessories/feather-shuttlecock/thumbnail.webp,sports-accessories sports-accessories feather shuttlecock
Football,Sports-accessories,3.28,1043,https://cdn.dummyjson.com/product-images/sports-accessories/football/thumbnail.webp,sports-accessories sports-accessories football
Golf Ball,Sports-accessories,4.3,2990,https://cdn.dummyjson.com/product-images/sports-accessories/golf-ball/thumbnail.webp,sports-accessories sports-accessories golf ball
Iron Golf,Sports-accessories,4.41,919,https://cdn.dummyjson.com/product-images/sports-accessories/iron-golf/thumbnail.webp,sports-accessories sports-accessories iron golf
Metal Baseball Bat,Sports-accessories,4.66,2228,https://cdn.dummyjson.com/product-images/sports-accessories/metal-baseball-bat/thumbnail.webp,sports-accessories sports-accessories metal baseball bat
Tennis Ball,Sports-accessories,4.06,2541,https://cdn.dummyjson.com/product-images/sports-accessories/tennis-ball/thumbnail.webp,sports-accessories sports-accessories tennis ball
Tennis Racket,Sports-accessories,4.03,2184,https://cdn.dummyjson.com/product-images/sports-accessories/tennis-racket/thumbnail.webp,sports-accessories sports-accessories tennis racket
Volleyball,Sports-accessories,3.84,1088,https://cdn.dummyjson.com/product-images/sports-accessories/volleyball/thumbnail.webp,sports-accessories sports-accessories volleyball
Black Sun Glasses,Fashion Shades,4.41,670,https://cdn.dummyjson.com/product-images/sunglasses/black-sun-glasses/thumbnail.webp,sunglasses fashion shades black sun glasses
Classic Sun Glasses,Fashion Shades,3.86,140,https://cdn.dummyjson.com/product-images/sunglasses/classic-sun-glasses/thumbnail.webp,sunglasses fashion shades classic sun glasses
Green and Black Glasses,Fashion Shades,4.55,327,https://cdn.dummyjson.com/product-images/sunglasses/green-and-black-glasses/thumbnail.webp,sunglasses fashion shades green and black glasses
Party Glasses,Fashion Fun,2.79,948,https://cdn.dummyjson.com/product-images/sunglasses/party-glasses/thumbnail.webp,sunglasses fashion fun party glasses
Sunglasses,Fashion Shades,3.02,2329,https://cdn.dummyjson.com/product-images/sunglasses/sunglasses/thumbnail.webp,sunglasses fashion shades sunglasses
iPad Mini 2021 Starlight,Apple,3.18,2711,https://cdn.dummyjson.com/product-images/tablets/ipad-mini-2021-starlight/thumbnail.webp,tablets apple ipad mini 2021 starlight
Samsung Galaxy Tab S8 Plus Grey,Samsung,4.68,2636,https://cdn.dummyjson.com/product-images/tablets/samsung-galaxy-tab-s8-plus-grey/thumbnail.webp,tablets samsung samsung galaxy tab s8 plus grey
Samsung Galaxy Tab White,Samsung,3.72,1443,https://cdn.dummyjson.com/product-images/tablets/samsung-galaxy-tab-white/thumbnail.webp,tablets samsung samsung galaxy tab white
Blue Frock,Tops,4.17,2241,https://cdn.dummyjson.com/product-images/tops/blue-frock/thumbnail.webp,tops tops blue frock
Girl Summer Dress,Tops,4.77,1510,https://cdn.dummyjson.com/product-images/tops/girl-summer-dress/thumbnail.webp,tops tops girl summer dress
Gray Dress,Tops,2.72,267,https://cdn.dummyjson.com/product-images/tops/gray-dress/thumbnail.webp,tops tops gray dress
Short Frock,Tops,3.23,2211,https://cdn.dummyjson.com/product-images/tops/short-frock/thumbnail.webp,tops tops short frock
Tartan Dress,Tops,4.05,2696,https://cdn.dummyjson.com/product-images/tops/tartan-dress/thumbnail.webp,tops tops tartan dress
300 Touring,Chrysler,4.05,2169,https://cdn.dummyjson.com/product-images/vehicle/300-touring/thumbnail.webp,vehicle chrysler 300 touring
Charger SXT RWD,Dodge,2.58,1381,https://cdn.dummyjson.com/product-images/vehicle/charger-sxt-rwd/thumbnail.webp,vehicle dodge charger sxt rwd
Dodge Hornet GT Plus,Dodge,2.65,721,https://cdn.dummyjson.com/product-images/vehicle/dodge-hornet-gt-plus/thumbnail.webp,vehicle dodge dodge hornet gt plus
Durango SXT RWD,Dodge,4.07,1808,https://cdn.dummyjson.com/product-images/vehicle/durango-sxt-rwd/thumbnail.webp,vehicle dodge durango sxt rwd
Pacifica Touring,Chrysler,3.62,1086,https://cdn.dummyjson.com/product-images/vehicle/pacifica-touring/thumbnail.webp,vehicle chrysler pacifica touring
Blue Women's Handbag,Fashionista,2.92,238,https://cdn.dummyjson.com/product-images/womens-bags/blue-women's-handbag/thumbnail.webp,womens-bags fashionista blue women's handbag
Heshe Women's Leather Bag,Heshe,4.92,1751,https://cdn.dummyjson.com/product-images/womens-bags/heshe-women's-leather-bag/thumbnail.webp,womens-bags heshe heshe women's leather bag
Prada Women Bag,Prada,2.71,2996,https://cdn.dummyjson.com/product-images/womens-bags/prada-women-bag/thumbnail.webp,womens-bags prada prada women bag
White Faux Leather Backpack,Urban Chic,3.36,2206,https://cdn.dummyjson.com/product-images/womens-bags/white-faux-leather-backpack/thumbnail.webp,womens-bags urban chic white faux leather backpack
Women Handbag Black,Elegance Collection,2.89,1896,https://cdn.dummyjson.com/product-images/womens-bags/women-handbag-black/thumbnail.webp,womens-bags elegance collection women handbag black
Black Women's Gown,Womens-dresses,3.64,2777,https://cdn.dummyjson.com/product-images/womens-dresses/black-women's-gown/thumbnail.webp,womens-dresses womens-dresses black women's gown
Corset Leather With Skirt,Womens-dresses,3.05,2537,https://cdn.dummyjson.com/product-images/womens-dresses/corset-leather-with-skirt/thumbnail.webp,womens-dresses womens-dresses corset leather with skirt
Corset With Black Skirt,Womens-dresses,4.52,2882,https://cdn.dummyjson.com/product-images/womens-dresses/corset-with-black-skirt/thumbnail.webp,womens-dresses womens-dresses corset with black skirt
Dress Pea,Womens-dresses,4.88,697,https://cdn.dummyjson.com/product-images/womens-dresses/dress-pea/thumbnail.webp,womens-dresses womens-dresses dress pea
Marni Red & Black Suit,Womens-dresses,4.48,1677,https://cdn.dummyjson.com/product-images/womens-dresses/marni-red-&-black-suit/thumbnail.webp,womens-dresses womens-dresses marni red & black suit
Green Crystal Earring,Womens-jewellery,3.96,1847,https://cdn.dummyjson.com/product-images/womens-jewellery/green-crystal-earring/thumbnail.webp,womens-jewellery womens-jewellery green crystal earring
Green Oval Earring,Womens-jewellery,3.57,2825,https://cdn.dummyjson.com/product-images/womens-jewellery/green-oval-earring/thumbnail.webp,womens-jewellery womens-jewellery green oval earring
Tropical Earring,Womens-jewellery,4.4,1393,https://cdn.dummyjson.com/product-images/womens-jewellery/tropical-earring/thumbnail.webp,womens-jewellery womens-jewellery tropical earring
Black & Brown Slipper,Comfort Trends,2.53,450,https://cdn.dummyjson.com/product-images/womens-shoes/black-&-brown-slipper/thumbnail.webp,womens-shoes comfort trends black & brown slipper
Calvin Klein Heel Shoes,Calvin Klein,4.92,467,https://cdn.dummyjson.com/product-images/womens-shoes/calvin-klein-heel-shoes/thumbnail.webp,womens-shoes calvin klein calvin klein heel shoes
Golden Shoes Woman,Fashion Diva,3.26,1592,https://cdn.dummyjson.com/product-images/womens-shoes/golden-shoes-woman/thumbnail.webp,womens-shoes fashion diva golden shoes woman
Pampi Shoes,Pampi,3.05,2173,https://cdn.dummyjson.com/product-images/womens-shoes/pampi-shoes/thumbnail.webp,womens-shoes pampi pampi shoes
Red Shoes,Fashion Express,3.25,745,https://cdn.dummyjson.com/product-images/womens-shoes/red-shoes/thumbnail.webp,womens-shoes fashion express red shoes
IWC Ingenieur Automatic Steel,IWC,2.93,1890,https://cdn.dummyjson.com/product-images/womens-watches/iwc-ingenieur-automatic-steel/thumbnail.webp,womens-watches iwc iwc ingenieur automatic steel
Rolex Cellini Moonphase,Rolex,3.83,1440,https://cdn.dummyjson.com/product-images/womens-watches/rolex-cellini-moonphase/thumbnail.webp,womens-watches rolex rolex cellini moonphase
Rolex Datejust Women,Rolex,2.86,1772,https://cdn.dummyjson.com/product-images/womens-watches/rolex-datejust-women/thumbnail.webp,womens-watches rolex rolex datejust women
Watch Gold for Women,Fashion Gold,4.24,2098,https://cdn.dummyjson.com/product-images/womens-watches/watch-gold-for-women/thumbnail.webp,womens-watches fashion gold watch gold for women
Women's Wrist Watch,Fashion Co.,3.52,1792,https://cdn.dummyjson.com/product-images/womens-watches/women's-wrist-watch/thumbnail.webp,womens-watches fashion co. women's wrist watch
